id,target
c0f722661,-0.45450209975242617
f0953f0a5,-0.6493937849998475
0df072751,-0.3791345000267029
04caf4e0c,-2.51485915184021
0e63f8bea,-1.6724928855895995
12537fe78,-1.4773642778396607
965e592c0,0.13136060982942582
